Daily activity on Fri Sep 19 12:52:53 UTC 2025
Daily activity on Sat Sep 20 06:17:30 UTC 2025
Daily activity on Sun Sep 21 06:18:11 UTC 2025
Daily activity on Mon Sep 22 06:21:01 UTC 2025
Daily activity on Tue Sep 23 06:20:15 UTC 2025
Daily activity on Wed Sep 24 06:19:55 UTC 2025
Daily activity on Thu Sep 25 06:20:24 UTC 2025
Daily activity on Fri Sep 26 06:19:32 UTC 2025
Daily activity on Sat Sep 27 06:16:50 UTC 2025
Daily activity on Sun Sep 28 06:18:08 UTC 2025
Daily activity on Mon Sep 29 06:21:19 UTC 2025
Daily activity on Tue Sep 30 06:20:35 UTC 2025
Daily activity on Wed Oct  1 06:19:54 UTC 2025
Daily activity on Thu Oct  2 06:19:36 UTC 2025
Daily activity on Fri Oct  3 06:19:04 UTC 2025
Daily activity on Sat Oct  4 06:17:26 UTC 2025
Daily activity on Sun Oct  5 06:17:22 UTC 2025
Daily activity on Mon Oct  6 06:20:34 UTC 2025
Daily activity on Tue Oct  7 06:19:44 UTC 2025
Daily activity on Wed Oct  8 06:20:08 UTC 2025
Daily activity on Thu Oct  9 06:20:26 UTC 2025
Daily activity on Fri Oct 10 06:20:07 UTC 2025
Daily activity on Sat Oct 11 06:17:28 UTC 2025
Daily activity on Sun Oct 12 06:17:27 UTC 2025
Daily activity on Mon Oct 13 06:21:31 UTC 2025
Daily activity on Tue Oct 14 06:20:30 UTC 2025
Daily activity on Wed Oct 15 06:20:22 UTC 2025
Daily activity on Thu Oct 16 06:20:09 UTC 2025
Daily activity on Fri Oct 17 06:19:52 UTC 2025
Daily activity on Sat Oct 18 06:17:57 UTC 2025
Daily activity on Sun Oct 19 06:19:00 UTC 2025
Daily activity on Mon Oct 20 06:20:51 UTC 2025
Daily activity on Tue Oct 21 06:20:22 UTC 2025
Daily activity on Wed Oct 22 06:20:58 UTC 2025
Daily activity on Thu Oct 23 06:20:28 UTC 2025
Daily activity on Fri Oct 24 06:19:37 UTC 2025
Daily activity on Sat Oct 25 06:18:02 UTC 2025
Daily activity on Sun Oct 26 06:18:28 UTC 2025
Daily activity on Mon Oct 27 06:22:36 UTC 2025
Daily activity on Tue Oct 28 06:21:26 UTC 2025
Daily activity on Wed Oct 29 06:21:36 UTC 2025
Daily activity on Thu Oct 30 06:20:23 UTC 2025
Daily activity on Fri Oct 31 06:20:36 UTC 2025
Daily activity on Sat Nov  1 06:18:18 UTC 2025
Daily activity on Sun Nov  2 06:19:42 UTC 2025
Daily activity on Mon Nov  3 06:21:57 UTC 2025
Daily activity on Tue Nov  4 06:21:14 UTC 2025
Daily activity on Wed Nov  5 06:21:09 UTC 2025
Daily activity on Thu Nov  6 06:21:14 UTC 2025
Daily activity on Fri Nov  7 06:21:00 UTC 2025
Daily activity on Sat Nov  8 06:18:22 UTC 2025
Daily activity on Sun Nov  9 06:18:52 UTC 2025
Daily activity on Mon Nov 10 06:22:34 UTC 2025
Daily activity on Tue Nov 11 06:21:26 UTC 2025
Daily activity on Wed Nov 12 06:21:20 UTC 2025
Daily activity on Thu Nov 13 06:21:36 UTC 2025
Daily activity on Fri Nov 14 06:21:16 UTC 2025
Daily activity on Sat Nov 15 06:19:18 UTC 2025
Daily activity on Sun Nov 16 06:19:32 UTC 2025
Daily activity on Mon Nov 17 06:21:47 UTC 2025
Daily activity on Tue Nov 18 06:20:51 UTC 2025
Daily activity on Wed Nov 19 06:20:29 UTC 2025
Daily activity on Thu Nov 20 06:20:34 UTC 2025
Daily activity on Fri Nov 21 06:21:46 UTC 2025
Daily activity on Sat Nov 22 06:18:31 UTC 2025
Daily activity on Sun Nov 23 06:19:26 UTC 2025
Daily activity on Mon Nov 24 06:22:05 UTC 2025
Daily activity on Tue Nov 25 06:21:51 UTC 2025
Daily activity on Wed Nov 26 06:22:08 UTC 2025
Daily activity on Thu Nov 27 06:22:28 UTC 2025
Daily activity on Fri Nov 28 06:22:13 UTC 2025
Daily activity on Sat Nov 29 06:19:52 UTC 2025
Daily activity on Sun Nov 30 06:20:29 UTC 2025
Daily activity on Mon Dec  1 06:23:40 UTC 2025
Daily activity on Tue Dec  2 06:23:01 UTC 2025
Daily activity on Wed Dec  3 06:22:33 UTC 2025
Daily activity on Thu Dec  4 06:22:14 UTC 2025
Daily activity on Fri Dec  5 06:22:35 UTC 2025
Daily activity on Sat Dec  6 06:19:48 UTC 2025
Daily activity on Sun Dec  7 06:19:35 UTC 2025
Daily activity on Mon Dec  8 06:24:39 UTC 2025
Daily activity on Tue Dec  9 06:22:40 UTC 2025
Daily activity on Wed Dec 10 06:23:00 UTC 2025
Daily activity on Thu Dec 11 06:23:50 UTC 2025
Daily activity on Fri Dec 12 06:23:04 UTC 2025
Daily activity on Sat Dec 13 06:20:51 UTC 2025
Daily activity on Sun Dec 14 06:20:43 UTC 2025
Daily activity on Mon Dec 15 06:27:42 UTC 2025
Daily activity on Tue Dec 16 06:23:40 UTC 2025
Daily activity on Wed Dec 17 06:22:44 UTC 2025
Daily activity on Thu Dec 18 06:22:35 UTC 2025
Daily activity on Fri Dec 19 06:22:17 UTC 2025
Daily activity on Sat Dec 20 06:21:34 UTC 2025
Daily activity on Sun Dec 21 06:21:02 UTC 2025
Daily activity on Mon Dec 22 06:25:05 UTC 2025
Daily activity on Tue Dec 23 06:23:35 UTC 2025
Daily activity on Wed Dec 24 06:24:06 UTC 2025
Daily activity on Thu Dec 25 06:23:11 UTC 2025
Daily activity on Fri Dec 26 06:22:53 UTC 2025
Daily activity on Sat Dec 27 06:21:23 UTC 2025
Daily activity on Sun Dec 28 06:21:37 UTC 2025
Daily activity on Mon Dec 29 06:25:23 UTC 2025
Daily activity on Tue Dec 30 06:23:15 UTC 2025
Daily activity on Wed Dec 31 06:24:03 UTC 2025
Daily activity on Thu Jan  1 06:23:55 UTC 2026
Daily activity on Fri Jan  2 06:23:15 UTC 2026
Daily activity on Sat Jan  3 06:21:39 UTC 2026
